{
    "__comment": "Model generated using MrCrayfish's Model Creator (https://mrcrayfish.com/tools?id=mc)",
	"parent": "minecraft:custom/block_head",
    "textures": {
        "custom_crafter_bottom": "minecraft:item/custom_crafter_bottom",
        "custom_crafter_sides": "minecraft:item/custom_crafter_sides",
        "custom_crafter_top": "minecraft:item/custom_crafter_top"
    },
    "display": {
        "gui": {
            "rotation": [ 30, 45, 0 ],
            "translation": [ 0, 0, 0 ],
            "scale": [ 0.625, 0.625, 0.625 ]
        },
        "ground": {
            "rotation": [ 0, 0, 0 ],
            "translation": [ 0, 3, 0 ],
            "scale": [ 0.25, 0.25, 0.25 ]
        },
        "fixed": {
            "rotation": [ 0, 180, 0 ],
            "translation": [ 0, 0, 0 ],
            "scale": [ 1, 1, 1 ]
        },
        "head": {
            "rotation": [ 0, 180, 0 ],
            "translation": [ 0, -30.5, 0 ],
            "scale": [ 1.61, 1.61, 1.61 ]
        },
        "firstperson_righthand": {
            "rotation": [ 0, 315, 0 ],
            "translation": [ 0, 2.5, 0 ],
            "scale": [ 0.4, 0.4, 0.4 ]
        },
        "thirdperson_righthand": {
            "rotation": [ 75, 315, 0 ],
            "translation": [ 0, 2.5, 0 ],
            "scale": [ 0.375, 0.375, 0.375 ]
        }
    },
    "elements": [
        {
            "name": "Cube",
            "from": [ 0, 0, 0 ], 
            "to": [ 16, 16, 16 ], 
            "faces": {
                "north": { "texture": "#custom_crafter_sides", "uv": [ 0, 0, 16, 16 ] },
                "east": { "texture": "#custom_crafter_sides", "uv": [ 0, 0, 16, 16 ] },
                "south": { "texture": "#custom_crafter_sides", "uv": [ 0, 0, 16, 16 ] },
                "west": { "texture": "#custom_crafter_sides", "uv": [ 0, 0, 16, 16 ] },
                "up": { "texture": "#custom_crafter_top", "uv": [ 0, 0, 16, 16 ] },
                "down": { "texture": "#custom_crafter_bottom", "uv": [ 0, 0, 16, 16 ] }
            }
        }
    ]
}